bias_V,J_total_tau10ns,J_total_tau1us,J_diffusion,J_recombination,recomb_share_pct
0.1000,1.159231e-07,9.341981e-09,8.265404e-09,1.076577e-07,92.87
0.1200,1.910927e-07,1.345751e-08,1.166322e-08,1.794295e-07,93.90
0.1400,2.980977e-07,1.494118e-08,1.208101e-08,2.860166e-07,95.95
0.1600,4.609091e-07,5.340767e-08,4.929150e-08,4.116176e-07,89.31
0.1800,7.142358e-07,9.357224e-08,8.730291e-08,6.269328e-07,87.78
0.2000,1.136337e-06,1.980507e-07,1.885731e-07,9.477636e-07,83.41
0.2200,1.830146e-06,4.289494e-07,4.147959e-07,1.415350e-06,77.34
0.2400,3.019359e-06,9.097469e-07,8.884377e-07,2.130921e-06,70.58
0.2600,5.103258e-06,1.929966e-06,1.897912e-06,3.205346e-06,62.81
0.2800,8.874868e-06,4.112825e-06,4.064724e-06,4.810144e-06,54.20
0.3000,1.593146e-05,8.783462e-06,8.711260e-06,7.220201e-06,45.32
0.3200,2.950352e-05,1.877166e-05,1.866325e-05,1.084026e-05,36.74
0.3400,5.626618e-05,4.015756e-05,3.999485e-05,1.627134e-05,28.92
0.3600,1.101586e-04,8.594794e-05,8.570339e-05,2.445524e-05,22.20
0.3800,2.204044e-04,1.839789e-04,1.836109e-04,3.679345e-05,16.69
0.4000,4.487529e-04,3.938968e-04,3.933427e-04,5.541025e-05,12.35
0.4200,9.260984e-04,8.433883e-04,8.425528e-04,8.354560e-05,9.02
0.4400,1.930705e-03,1.805842e-03,1.804581e-03,1.261241e-04,6.53
0.4600,4.055293e-03,3.866504e-03,3.864597e-03,1.906957e-04,4.70
0.4800,8.563972e-03,8.278051e-03,8.275163e-03,2.888086e-04,3.37
0.5000,1.815516e-02,1.772128e-02,1.771690e-02,4.382559e-04,2.41
0.5200,3.859208e-02,3.793222e-02,3.792555e-02,6.665260e-04,1.73
0.5400,8.218762e-02,8.118144e-02,8.117128e-02,1.016339e-03,1.24
0.5600,1.752511e-01,1.737122e-01,1.736966e-01,1.554466e-03,0.89
0.5800,3.739983e-01,3.716361e-01,3.716123e-01,2.386023e-03,0.64
0.6000,7.985327e-01,7.948916e-01,7.948548e-01,3.677903e-03,0.46
