bias_V,I_top_A_per_cm2,I_bot_A_per_cm2,converged
-0.4000,-1.683259908e-09,5.212044907e-08,1
-0.3500,3.647224041e-09,6.464908093e-08,1
-0.3000,1.129093517e-08,6.386829819e-09,1
-0.2500,1.319799784e-08,8.002373562e-09,1
-0.2000,-1.642142339e-08,-7.314717933e-08,1
-0.1500,-1.558186828e-08,-2.648394149e-08,1
-0.1000,3.314477680e-08,-5.805919717e-09,1
-0.0500,-8.465074185e-09,-6.201649325e-08,1
0.0000,-2.155885443e-09,-4.704682055e-08,1
0.0200,7.152881059e-09,2.473404514e-08,1
0.0400,-5.166992397e-09,-3.428616440e-08,1
0.0600,-1.575449256e-09,7.183350246e-08,1
0.0800,1.374748830e-09,2.777470177e-08,1
0.1000,9.341981062e-09,3.615311398e-08,1
0.1200,1.345751245e-08,-1.349461244e-09,1
0.1400,1.494118119e-08,-3.717472876e-08,1
0.1600,5.340767286e-08,-4.781696443e-08,1
0.1800,9.357223787e-08,-8.336851160e-08,1
0.2000,1.980506943e-07,-1.698347410e-07,1
0.2200,4.289494399e-07,-4.544914313e-07,1
0.2400,9.097468886e-07,-8.419277434e-07,1
0.2600,1.929965741e-06,-1.985319562e-06,1
0.2800,4.112824956e-06,-4.176838252e-06,1
0.3000,8.783461927e-06,-8.707068424e-06,1
0.3200,1.877165646e-05,-1.872248799e-05,1
0.3400,4.015755854e-05,-4.021165416e-05,1
0.3600,8.594793828e-05,-8.592806935e-05,1
0.3800,1.839788566e-04,-1.839728034e-04,1
0.4000,3.938967838e-04,-3.938229793e-04,1
0.4200,8.433882720e-04,-8.434648329e-04,1
0.4400,1.805842317e-03,-1.805808721e-03,1
0.4600,3.866504104e-03,-3.866485762e-03,1
0.4800,8.278051137e-03,-8.278044631e-03,1
0.5000,1.772128180e-02,-1.772135016e-02,1
0.5200,3.793221835e-02,-3.793218034e-02,1
0.5400,8.118144385e-02,-8.118144468e-02,1
0.5600,1.737121862e-01,-1.737121734e-01,1
0.5800,3.716361447e-01,-3.716360689e-01,1
0.6000,7.948916187e-01,-7.948916322e-01,1
