T_K,bias_V,J_top,J_bot,converged
300.0,-0.300,-9.33749317e-08,1.38130995e-07,1
300.0,-0.200,-5.74227504e-08,1.00705714e-07,1
300.0,-0.100,-3.28492235e-08,1.00147762e-07,1
300.0,0.000,5.39696202e-09,-5.35384894e-09,1
300.0,0.050,5.09433740e-08,-3.83668060e-08,1
300.0,0.100,1.71994645e-07,-1.32440205e-07,1
300.0,0.150,5.63713876e-07,-6.37347075e-07,1
300.0,0.200,1.79556251e-06,-1.74960606e-06,1
300.0,0.250,6.55649812e-06,-6.55008493e-06,1
300.0,0.300,2.87891445e-05,-2.87700444e-05,1
300.0,0.350,1.51378310e-04,-1.51321073e-04,1
300.0,0.400,9.00673427e-04,-9.00681339e-04,1
300.0,0.450,5.72432390e-03,-5.72434012e-03,1
300.0,0.500,3.74968690e-02,-3.74968761e-02,1
